Workbook

Sheet original data
A1: Date | B1: etherum Open | C1: etherum High | D1: etherum Low | E1: etherum Close | F1: etherum Adj Close | G1: etherum Volume | H1: bitcoin Open | I1: bitcoin High | J1: bitcoin Low | K1: bitcoin Close | L1: bitcoin Adj Close | M1: bitcoin Volume | N1: Tether Open | O1: Tether High | P1: Tether Low | Q1: Tether Close | R1: Tether Adj Close | S1: Tether Volume | T1: Usd coin Open | U1: Usd coin High | V1: Usd coin Low | W1: Usd coin Close | X1: Usd coin Adj Close | Y1: Usd coin Volume | Z1: Cardona Open | AA1: Cardona High | AB1: Cardona Low | AC1: Cardona Close | AD1: Cardona Adj Close | AE1: Cardona Volume
A2: 44522 | B2: 4266.5093 | C2: 4302.0229 | D2: 4033.5723 | E2: 4088.4578 | F2: 4088.4578 | G2: 19752218877 | H2: 58706.848 | I2: 59266.359 | J2: 55679.84 | K2: 56289.289 | L2: 56289.289 | M2: 35036121783 | N2: 1.001288 | O2: 1.001986 | P2: 0.99808 | Q2: 1.000451 | R2: 1.000451 | S2: 79375135623 | T2: 1.000046 | U2: 1.001978 | V2: 0.998046 | W2: 0.999962 | X2: 0.999962 | Y2: 5353790196 | Z2: 1.838291 | AA2: 1.839811 | AB2: 1.75983 | AC2: 1.776555 | AD2: 1.776555 | AE2: 1581033619
A3: 44523 | B3: 4089.6804 | C3: 4385.4834 | D3: 4069.7666 | E3: 4340.7637 | F3: 4340.7637 | G3: 22133497059 | H3: 56304.555 | I3: 57875.516 | J3: 55632.762 | K3: 57569.074 | L3: 57569.074 | M3: 37485803899 | N3: 1.000507 | O3: 1.002514 | P3: 0.998044 | Q3: 1.000125 | R3: 1.000125 | S3: 84196469142 | T3: 1.000076 | U3: 1.001997 | V3: 0.998013 | W3: 1.000115 | X3: 1.000115 | Y3: 4805345753 | Z3: 1.778283 | AA3: 1.81763 | AB3: 1.745127 | AC3: 1.750503 | AD3: 1.750503 | AE3: 1765447419
A4: 44524 | B4: 4340.0361 | C4: 4376.876 | D4: 4176.1836 | E4: 4239.9814 | F4: 4239.9814 | G4: 21838037128 | H4: 57565.852 | I4: 57803.066 | J4: 55964.223 | K4: 56280.426 | L4: 56280.426 | M4: 36635566789 | N4: 0.999986 | O4: 1.001992 | P4: 0.998047 | Q4: 1.000697 | R4: 1.000697 | S4: 84317323264 | T4: 0.999772 | U4: 1.001988 | V4: 0.998058 | W4: 1.000707 | X4: 1.000707 | Y4: 4771592674 | Z4: 1.751246 | AA4: 1.752388 | AB4: 1.594203 | AC4: 1.686423 | AD4: 1.686423 | AE4: 1983587289
A5: 44525 | B5: 4271.3945 | C5: 4550.5181 | D5: 4249.7744 | E5: 4274.7432 | F5: 4274.7432 | G5: 18705358318 | H5: 57165.418 | I5: 59367.969 | J5: 57146.684 | K5: 57274.68 | L5: 57274.68 | M5: 34284016248 | N5: 0.999483 | O5: 1.00199 | P5: 0.998293 | Q5: 0.999601 | R5: 0.999601 | S5: 91394294449 | T5: 0.999392 | U5: 1.001991 | V5: 0.998185 | W5: 1.000332 | X5: 1.000332 | Y5: 4514614915 | Z5: 1.667261 | AA5: 1.748867 | AB5: 1.620885 | AC5: 1.651345 | AD5: 1.651345 | AE5: 3072612884
A6: 44526 | B6: 4522.209 | C6: 4550.8423 | D6: 3933.5066 | E6: 4030.9089 | F6: 4030.9089 | G6: 26281795488 | H6: 58960.285 | I6: 59183.48 | J6: 53569.766 | K6: 53569.766 | L6: 53569.766 | M6: 41810748221 | N6: 1.000986 | O6: 1.001981 | P6: 0.998261 | Q6: 1.000367 | R6: 1.000367 | S6: 106740129710 | T6: 1.00065 | U6: 1.001981 | V6: 0.998153 | W6: 0.999843 | X6: 0.999843 | Y6: 6592288363 | Z6: 1.676388 | AA6: 1.68544 | AB6: 1.502046 | AC6: 1.52842 | AD6: 1.52842 | AE6: 3011271612
A7: 44527 | B7: 4042.999 | C7: 4187.6841 | D7: 4033.5139 | E7: 4096.9121 | F7: 4096.9121 | G7: 16515693874 | H7: 53736.43 | I7: 55329.258 | J7: 53668.355 | K7: 54815.078 | L7: 54815.078 | M7: 30560857714 | N7: 1.000287 | O7: 1.001999 | P7: 0.998305 | Q7: 1.001099 | R7: 1.001099 | S7: 73666340601 | T7: 0.99978 | U7: 1.001998 | V7: 0.998032 | W7: 1.001594 | X7: 1.001594 | Y7: 3824221682 | Z7: 1.531957 | AA7: 1.585799 | AB7: 1.531957 | AC7: 1.546118 | AD7: 1.546118 | AE7: 1560548721
A8: 44528 | B8: 4101.6489 | C8: 4297.9165 | D8: 3989.97 | E8: 4294.4536 | F8: 4294.4536 | G8: 15953126340 | H8: 54813.023 | I8: 57393.844 | J8: 53576.734 | K8: 57248.457 | L8: 57248.457 | M8: 28116886357 | N8: 1.001281 | O8: 1.001999 | P8: 0.998539 | Q8: 1.000125 | R8: 1.000125 | S8: 73452340871 | T8: 1.001431 | U8: 1.001977 | V8: 0.99801 | W8: 0.999875 | X8: 0.999875 | Y8: 4387793390 | Z8: 1.546672 | AA8: 1.598509 | AB8: 1.433618 | AC8: 1.592855 | AD8: 1.592855 | AE8: 2236244253
A9: 44529 | B9: 4296.9468 | C9: 4460.8486 | D9: 4284.5049 | E9: 4445.105 | F9: 4445.105 | G9: 19086475837 | H9: 57291.906 | I9: 58872.879 | J9: 56792.527 | K9: 57806.566 | L9: 57806.566 | M9: 32370840356 | N9: 0.999929 | O9: 1.001967 | P9: 0.998105 | Q9: 1.000526 | R9: 1.000526 | S9: 73041134842 | T9: 0.999904 | U9: 1.001958 | V9: 0.998083 | W9: 1.000078 | X9: 1.000078 | Y9: 4339110918 | Z9: 1.594501 | AA9: 1.636148 | AB9: 1.559918 | AC9: 1.602508 | AD9: 1.602508 | AE9: 1801591216
A10: 44530 | B10: 4447.7681 | C10: 4753.2661 | D10: 4358.0742 | E10: 4631.479 | F10: 4631.479 | G10: 28626354111 | H10: 57830.113 | I10: 59113.402 | J10: 56057.281 | K10: 57005.426 | L10: 57005.426 | M10: 36708594618 | N10: 1.000583 | O10: 1.001925 | P10: 0.998423 | Q10: 1.000286 | R10: 1.000286 | S10: 87396693339 | T10: 0.999735 | U10: 1.001987 | V10: 0.998065 | W10: 0.999456 | X10: 0.999456 | Y10: 5698220779 | Z10: 1.602102 | AA10: 1.628403 | AB10: 1.549843 | AC10: 1.554903 | AD10: 1.554903 | AE10: 1814169292
A11: 44531 | B11: 4623.6797 | C11: 4780.7324 | D11: 4530.2725 | E11: 4586.9902 | F11: 4586.9902 | G11: 27634826695 | H11: 56907.965 | I11: 59041.684 | J11: 56553.082 | K11: 57229.828 | L11: 57229.828 | M11: 36858195307 | N11: 1.000449 | O11: 1.001976 | P11: 0.998473 | Q11: 1.000255 | R11: 1.000255 | S11: 80908197091 | T11: 1.000206 | U11: 1.001982 | V11: 0.998031 | W11: 0.999593 | X11: 0.999593 | Y11: 4989445952 | Z11: 1.552819 | AA11: 1.622388 | AB11: 1.534562 | AC11: 1.547713 | AD11: 1.547713 | AE11: 1666236481
A12: 44532 | B12: 4586.333 | C12: 4628.9199 | D12: 4441.5078 | E12: 4511.3022 | F12: 4511.3022 | G12: 21502671027 | H12: 57217.371 | I12: 57349.234 | J12: 55895.133 | K12: 56477.816 | L12: 56477.816 | M12: 32379968686 | N12: 1.000234 | O12: 1.001999 | P12: 0.998172 | Q12: 1.000174 | R12: 1.000174 | S12: 77139535799 | T12: 0.99966 | U12: 1.001999 | V12: 0.998004 | W12: 0.998839 | X12: 0.998839 | Y12: 5089421584 | Z12: 1.547706 | AA12: 1.756863 | AB12: 1.521645 | AC12: 1.715366 | AD12: 1.715366 | AE12: 3716108059
A13: 44533 | B13: 4514.356 | C13: 4647.2891 | D13: 4100.1455 | E13: 4220.7061 | F13: 4220.7061 | G13: 25879591528 | H13: 56509.164 | I13: 57482.168 | J13: 52496.586 | K13: 53598.246 | L13: 53598.246 | M13: 39789134215 | N13: 0.999993 | O13: 1.001993 | P13: 0.998441 | Q13: 1.000617 | R13: 1.000617 | S13: 92639344690 | T13: 0.999032 | U13: 1.001972 | V13: 0.998055 | W13: 1.000327 | X13: 1.000327 | Y13: 5879299772 | Z13: 1.720719 | AA13: 1.728509 | AB13: 1.532564 | AC13: 1.556555 | AD13: 1.556555 | AE13: 2675040145
... A367: 44887 | B367: 1105.5259 | C367: 1112.2784 | D367: 1081.2996 | E367: 1094.0198 | F367: 1094.0198 | G367: 13412810752 | H367: 15778.549 | I367: 15914.864 | J367: 15656.606 | K367: 15724.897 | L367: 15724.897 | M367: 32479893504 | N367: 0.999081 | O367: 0.999309 | P367: 0.998874 | Q367: 0.999157 | R367: 0.999157 | S367: 44056204568 | T367: 1.000252 | U367: 1.000722 | V367: 0.999969 | W367: 1.000419 | X367: 1.000419 | Y367: 4058680571 | Z367: 0.304524 | AA367: 0.315869 | AB367: 0.299104 | AC367: 0.311922 | AD367: 0.311922 | AE367: 303965817

Sheet worksheet
A1: Date | B1: etherum Open | C1: etherum High | D1: etherum Low | E1: etherum Close | F1: etherum Adj Close | G1: etherum Volume | H1: bitcoin Open | I1: bitcoin High | J1: bitcoin Low | K1: bitcoin Close | L1: bitcoin Adj Close | M1: bitcoin Volume | N1: Tether Open | O1: Tether High | P1: Tether Low | Q1: Tether Close | R1: Tether Adj Close | S1: Tether Volume | T1: Usd coin Open | U1: Usd coin High | V1: Usd coin Low | W1: Usd coin Close | X1: Usd coin Adj Close | Y1: Usd coin Volume | Z1: Cardona Open | AA1: Cardona High | AB1: Cardona Low | AC1: Cardona Close | AD1: Cardona Adj Close | AE1: Cardona Volume | AK1: Date | AL1: =dashboard!B6 -> etherum Open | AM1: =dashboard!B13 -> bitcoin Open | AN1: =dashboard!B14 -> Cardona Open | AO1: =dashboard!B15 -> Tether Open | AP1: =dashboard!B16 -> Usd coin Open
A2: 44522 | B2: 4266.5093 | C2: 4302.0229 | D2: 4033.5723 | E2: 4088.4578 | F2: 4088.4578 | G2: 19752218877 | H2: 58706.848 | I2: 59266.359 | J2: 55679.84 | K2: 56289.289 | L2: 56289.289 | M2: 35036121783 | N2: 1.001288 | O2: 1.001986 | P2: 0.99808 | Q2: 1.000451 | R2: 1.000451 | S2: 79375135623 | T2: 1.000046 | U2: 1.001978 | V2: 0.998046 | W2: 0.999962 | X2: 0.999962 | Y2: 5353790196 | Z2: 1.838291 | AA2: 1.839811 | AB2: 1.75983 | AC2: 1.776555 | AD2: 1.776555 | AE2: 1581033619 | AK2: 44522 | AL2: =INDEX($A:$AE,MATCH(AK2,$A:$A,0),MATCH($AL1,$A1:$AE1,0)) -> 4266.5093 | AM2: =INDEX(A:AE,MATCH(AK2,worksheet!A:A,0),MATCH(worksheet!AM1,worksheet!A1:AE1,0)) -> 58706.848 | AN2: =INDEX(A:AE,MATCH(AK2,worksheet!A:A,0),MATCH(worksheet!AN1,worksheet!A1:AE1,0)) -> 1.838291 | AO2: =INDEX(A:AE,MATCH(AK2,worksheet!A:A,0),MATCH(worksheet!AO1,worksheet!A1:AE1,0)) -> 1.001288 | AP2: =INDEX(A:AE,MATCH(AK2,worksheet!A:A,0),MATCH(worksheet!AP1,worksheet!A1:AE1,0)) -> 1.000046 | AW2: finding space
A3: 44523 | B3: 4089.6804 | C3: 4385.4834 | D3: 4069.7666 | E3: 4340.7637 | F3: 4340.7637 | G3: 22133497059 | H3: 56304.555 | I3: 57875.516 | J3: 55632.762 | K3: 57569.074 | L3: 57569.074 | M3: 37485803899 | N3: 1.000507 | O3: 1.002514 | P3: 0.998044 | Q3: 1.000125 | R3: 1.000125 | S3: 84196469142 | T3: 1.000076 | U3: 1.001997 | V3: 0.998013 | W3: 1.000115 | X3: 1.000115 | Y3: 4805345753 | Z3: 1.778283 | AA3: 1.81763 | AB3: 1.745127 | AC3: 1.750503 | AD3: 1.750503 | AE3: 1765447419 | AK3: 44523 | AL3: =INDEX($A:$AE,MATCH(AK3,$A:$A,0),MATCH($AL2,$A2:$AE2,0)) -> 4089.6804 | AM3: =INDEX(A:AE,MATCH(AK3,worksheet!A:A,0),MATCH(worksheet!AM2,worksheet!A2:AE2,0)) -> 56304.555 | AN3: =INDEX(A:AE,MATCH(AK3,worksheet!A:A,0),MATCH(worksheet!AN2,worksheet!A2:AE2,0)) -> 1.778283 | AO3: =INDEX(A:AE,MATCH(AK3,worksheet!A:A,0),MATCH(worksheet!AO2,worksheet!A2:AE2,0)) -> 1.000507 | AP3: =INDEX(A:AE,MATCH(AK3,worksheet!A:A,0),MATCH(worksheet!AP2,worksheet!A2:AE2,0)) -> 1.000076 | AW3: =LEFT(dashboard!B6,FIND(" ",dashboard!B6,1)) -> etherum
A4: 44524 | B4: 4340.0361 | C4: 4376.876 | D4: 4176.1836 | E4: 4239.9814 | F4: 4239.9814 | G4: 21838037128 | H4: 57565.852 | I4: 57803.066 | J4: 55964.223 | K4: 56280.426 | L4: 56280.426 | M4: 36635566789 | N4: 0.999986 | O4: 1.001992 | P4: 0.998047 | Q4: 1.000697 | R4: 1.000697 | S4: 84317323264 | T4: 0.999772 | U4: 1.001988 | V4: 0.998058 | W4: 1.000707 | X4: 1.000707 | Y4: 4771592674 | Z4: 1.751246 | AA4: 1.752388 | AB4: 1.594203 | AC4: 1.686423 | AD4: 1.686423 | AE4: 1983587289 | AK4: 44524 | AL4: =INDEX($A:$AE,MATCH(AK4,$A:$A,0),MATCH($AL3,$A3:$AE3,0)) -> 4340.0361 | AM4: =INDEX(A:AE,MATCH(AK4,worksheet!A:A,0),MATCH(worksheet!AM3,worksheet!A3:AE3,0)) -> 57565.852 | AN4: =INDEX(A:AE,MATCH(AK4,worksheet!A:A,0),MATCH(worksheet!AN3,worksheet!A3:AE3,0)) -> 1.751246 | AO4: =INDEX(A:AE,MATCH(AK4,worksheet!A:A,0),MATCH(worksheet!AO3,worksheet!A3:AE3,0)) -> 0.999986 | AP4: =INDEX(A:AE,MATCH(AK4,worksheet!A:A,0),MATCH(worksheet!AP3,worksheet!A3:AE3,0)) -> 0.999772
A5: 44525 | B5: 4271.3945 | C5: 4550.5181 | D5: 4249.7744 | E5: 4274.7432 | F5: 4274.7432 | G5: 18705358318 | H5: 57165.418 | I5: 59367.969 | J5: 57146.684 | K5: 57274.68 | L5: 57274.68 | M5: 34284016248 | N5: 0.999483 | O5: 1.00199 | P5: 0.998293 | Q5: 0.999601 | R5: 0.999601 | S5: 91394294449 | T5: 0.999392 | U5: 1.001991 | V5: 0.998185 | W5: 1.000332 | X5: 1.000332 | Y5: 4514614915 | Z5: 1.667261 | AA5: 1.748867 | AB5: 1.620885 | AC5: 1.651345 | AD5: 1.651345 | AE5: 3072612884 | AK5: 44525 | AL5: =INDEX($A:$AE,MATCH(AK5,$A:$A,0),MATCH($AL4,$A4:$AE4,0)) -> 4271.3945 | AM5: =INDEX(A:AE,MATCH(AK5,worksheet!A:A,0),MATCH(worksheet!AM4,worksheet!A4:AE4,0)) -> 57165.418 | AN5: =INDEX(A:AE,MATCH(AK5,worksheet!A:A,0),MATCH(worksheet!AN4,worksheet!A4:AE4,0)) -> 1.667261 | AO5: =INDEX(A:AE,MATCH(AK5,worksheet!A:A,0),MATCH(worksheet!AO4,worksheet!A4:AE4,0)) -> 0.999483 | AP5: =INDEX(A:AE,MATCH(AK5,worksheet!A:A,0),MATCH(worksheet!AP4,worksheet!A4:AE4,0)) -> 0.999392
A6: 44526 | B6: 4522.209 | C6: 4550.8423 | D6: 3933.5066 | E6: 4030.9089 | F6: 4030.9089 | G6: 26281795488 | H6: 58960.285 | I6: 59183.48 | J6: 53569.766 | K6: 53569.766 | L6: 53569.766 | M6: 41810748221 | N6: 1.000986 | O6: 1.001981 | P6: 0.998261 | Q6: 1.000367 | R6: 1.000367 | S6: 106740129710 | T6: 1.00065 | U6: 1.001981 | V6: 0.998153 | W6: 0.999843 | X6: 0.999843 | Y6: 6592288363 | Z6: 1.676388 | AA6: 1.68544 | AB6: 1.502046 | AC6: 1.52842 | AD6: 1.52842 | AE6: 3011271612 | AK6: 44526 | AL6: =INDEX($A:$AE,MATCH(AK6,$A:$A,0),MATCH($AL5,$A5:$AE5,0)) -> 4522.209 | AM6: =INDEX(A:AE,MATCH(AK6,worksheet!A:A,0),MATCH(worksheet!AM5,worksheet!A5:AE5,0)) -> 58960.285 | AN6: =INDEX(A:AE,MATCH(AK6,worksheet!A:A,0),MATCH(worksheet!AN5,worksheet!A5:AE5,0)) -> 1.676388 | AO6: =INDEX(A:AE,MATCH(AK6,worksheet!A:A,0),MATCH(worksheet!AO5,worksheet!A5:AE5,0)) -> 1.000986 | AP6: =INDEX(A:AE,MATCH(AK6,worksheet!A:A,0),MATCH(worksheet!AP5,worksheet!A5:AE5,0)) -> 1.00065
A7: 44527 | B7: 4042.999 | C7: 4187.6841 | D7: 4033.5139 | E7: 4096.9121 | F7: 4096.9121 | G7: 16515693874 | H7: 53736.43 | I7: 55329.258 | J7: 53668.355 | K7: 54815.078 | L7: 54815.078 | M7: 30560857714 | N7: 1.000287 | O7: 1.001999 | P7: 0.998305 | Q7: 1.001099 | R7: 1.001099 | S7: 73666340601 | T7: 0.99978 | U7: 1.001998 | V7: 0.998032 | W7: 1.001594 | X7: 1.001594 | Y7: 3824221682 | Z7: 1.531957 | AA7: 1.585799 | AB7: 1.531957 | AC7: 1.546118 | AD7: 1.546118 | AE7: 1560548721 | AK7: 44527 | AL7: =INDEX($A:$AE,MATCH(AK7,$A:$A,0),MATCH($AL6,$A6:$AE6,0)) -> 4042.999 | AM7: =INDEX(A:AE,MATCH(AK7,worksheet!A:A,0),MATCH(worksheet!AM6,worksheet!A6:AE6,0)) -> 53736.43 | AN7: =INDEX(A:AE,MATCH(AK7,worksheet!A:A,0),MATCH(worksheet!AN6,worksheet!A6:AE6,0)) -> 1.531957 | AO7: =INDEX(A:AE,MATCH(AK7,worksheet!A:A,0),MATCH(worksheet!AO6,worksheet!A6:AE6,0)) -> 1.000287 | AP7: =INDEX(A:AE,MATCH(AK7,worksheet!A:A,0),MATCH(worksheet!AP6,worksheet!A6:AE6,0)) -> 0.99978
A8: 44528 | B8: 4101.6489 | C8: 4297.9165 | D8: 3989.97 | E8: 4294.4536 | F8: 4294.4536 | G8: 15953126340 | H8: 54813.023 | I8: 57393.844 | J8: 53576.734 | K8: 57248.457 | L8: 57248.457 | M8: 28116886357 | N8: 1.001281 | O8: 1.001999 | P8: 0.998539 | Q8: 1.000125 | R8: 1.000125 | S8: 73452340871 | T8: 1.001431 | U8: 1.001977 | V8: 0.99801 | W8: 0.999875 | X8: 0.999875 | Y8: 4387793390 | Z8: 1.546672 | AA8: 1.598509 | AB8: 1.433618 | AC8: 1.592855 | AD8: 1.592855 | AE8: 2236244253 | AK8: 44528 | AL8: =INDEX($A:$AE,MATCH(AK8,$A:$A,0),MATCH($AL7,$A7:$AE7,0)) -> 4101.6489 | AM8: =INDEX(A:AE,MATCH(AK8,worksheet!A:A,0),MATCH(worksheet!AM7,worksheet!A7:AE7,0)) -> 54813.023 | AN8: =INDEX(A:AE,MATCH(AK8,worksheet!A:A,0),MATCH(worksheet!AN7,worksheet!A7:AE7,0)) -> 1.546672 | AO8: =INDEX(A:AE,MATCH(AK8,worksheet!A:A,0),MATCH(worksheet!AO7,worksheet!A7:AE7,0)) -> 1.001281 | AP8: =INDEX(A:AE,MATCH(AK8,worksheet!A:A,0),MATCH(worksheet!AP7,worksheet!A7:AE7,0)) -> 1.001431
A9: 44529 | B9: 4296.9468 | C9: 4460.8486 | D9: 4284.5049 | E9: 4445.105 | F9: 4445.105 | G9: 19086475837 | H9: 57291.906 | I9: 58872.879 | J9: 56792.527 | K9: 57806.566 | L9: 57806.566 | M9: 32370840356 | N9: 0.999929 | O9: 1.001967 | P9: 0.998105 | Q9: 1.000526 | R9: 1.000526 | S9: 73041134842 | T9: 0.999904 | U9: 1.001958 | V9: 0.998083 | W9: 1.000078 | X9: 1.000078 | Y9: 4339110918 | Z9: 1.594501 | AA9: 1.636148 | AB9: 1.559918 | AC9: 1.602508 | AD9: 1.602508 | AE9: 1801591216 | AK9: 44529 | AL9: =INDEX($A:$AE,MATCH(AK9,$A:$A,0),MATCH($AL8,$A8:$AE8,0)) -> 4296.9468 | AM9: =INDEX(A:AE,MATCH(AK9,worksheet!A:A,0),MATCH(worksheet!AM8,worksheet!A8:AE8,0)) -> 57291.906 | AN9: =INDEX(A:AE,MATCH(AK9,worksheet!A:A,0),MATCH(worksheet!AN8,worksheet!A8:AE8,0)) -> 1.594501 | AO9: =INDEX(A:AE,MATCH(AK9,worksheet!A:A,0),MATCH(worksheet!AO8,worksheet!A8:AE8,0)) -> 0.999929 | AP9: =INDEX(A:AE,MATCH(AK9,worksheet!A:A,0),MATCH(worksheet!AP8,worksheet!A8:AE8,0)) -> 0.999904
A10: 44530 | B10: 4447.7681 | C10: 4753.2661 | D10: 4358.0742 | E10: 4631.479 | F10: 4631.479 | G10: 28626354111 | H10: 57830.113 | I10: 59113.402 | J10: 56057.281 | K10: 57005.426 | L10: 57005.426 | M10: 36708594618 | N10: 1.000583 | O10: 1.001925 | P10: 0.998423 | Q10: 1.000286 | R10: 1.000286 | S10: 87396693339 | T10: 0.999735 | U10: 1.001987 | V10: 0.998065 | W10: 0.999456 | X10: 0.999456 | Y10: 5698220779 | Z10: 1.602102 | AA10: 1.628403 | AB10: 1.549843 | AC10: 1.554903 | AD10: 1.554903 | AE10: 1814169292 | AK10: 44530 | AL10: =INDEX($A:$AE,MATCH(AK10,$A:$A,0),MATCH($AL9,$A9:$AE9,0)) -> 4447.7681 | AM10: =INDEX(A:AE,MATCH(AK10,worksheet!A:A,0),MATCH(worksheet!AM9,worksheet!A9:AE9,0)) -> 57830.113 | AN10: =INDEX(A:AE,MATCH(AK10,worksheet!A:A,0),MATCH(worksheet!AN9,worksheet!A9:AE9,0)) -> 1.602102 | AO10: =INDEX(A:AE,MATCH(AK10,worksheet!A:A,0),MATCH(worksheet!AO9,worksheet!A9:AE9,0)) -> 1.000583 | AP10: =INDEX(A:AE,MATCH(AK10,worksheet!A:A,0),MATCH(worksheet!AP9,worksheet!A9:AE9,0)) -> 0.999735
A11: 44531 | B11: 4623.6797 | C11: 4780.7324 | D11: 4530.2725 | E11: 4586.9902 | F11: 4586.9902 | G11: 27634826695 | H11: 56907.965 | I11: 59041.684 | J11: 56553.082 | K11: 57229.828 | L11: 57229.828 | M11: 36858195307 | N11: 1.000449 | O11: 1.001976 | P11: 0.998473 | Q11: 1.000255 | R11: 1.000255 | S11: 80908197091 | T11: 1.000206 | U11: 1.001982 | V11: 0.998031 | W11: 0.999593 | X11: 0.999593 | Y11: 4989445952 | Z11: 1.552819 | AA11: 1.622388 | AB11: 1.534562 | AC11: 1.547713 | AD11: 1.547713 | AE11: 1666236481 | AK11: 44531 | AL11: =INDEX($A:$AE,MATCH(AK11,$A:$A,0),MATCH($AL10,$A10:$AE10,0)) -> 4623.6797 | AM11: =INDEX(A:AE,MATCH(AK11,worksheet!A:A,0),MATCH(worksheet!AM10,worksheet!A10:AE10,0)) -> 56907.965 | AN11: =INDEX(A:AE,MATCH(AK11,worksheet!A:A,0),MATCH(worksheet!AN10,worksheet!A10:AE10,0)) -> 1.552819 | AO11: =INDEX(A:AE,MATCH(AK11,worksheet!A:A,0),MATCH(worksheet!AO10,worksheet!A10:AE10,0)) -> 1.000449 | AP11: =INDEX(A:AE,MATCH(AK11,worksheet!A:A,0),MATCH(worksheet!AP10,worksheet!A10:AE10,0)) -> 1.000206
A12: 44532 | B12: 4586.333 | C12: 4628.9199 | D12: 4441.5078 | E12: 4511.3022 | F12: 4511.3022 | G12: 21502671027 | H12: 57217.371 | I12: 57349.234 | J12: 55895.133 | K12: 56477.816 | L12: 56477.816 | M12: 32379968686 | N12: 1.000234 | O12: 1.001999 | P12: 0.998172 | Q12: 1.000174 | R12: 1.000174 | S12: 77139535799 | T12: 0.99966 | U12: 1.001999 | V12: 0.998004 | W12: 0.998839 | X12: 0.998839 | Y12: 5089421584 | Z12: 1.547706 | AA12: 1.756863 | AB12: 1.521645 | AC12: 1.715366 | AD12: 1.715366 | AE12: 3716108059 | AK12: 44532 | AL12: =INDEX($A:$AE,MATCH(AK12,$A:$A,0),MATCH($AL11,$A11:$AE11,0)) -> 4586.333 | AM12: =INDEX(A:AE,MATCH(AK12,worksheet!A:A,0),MATCH(worksheet!AM11,worksheet!A11:AE11,0)) -> 57217.371 | AN12: =INDEX(A:AE,MATCH(AK12,worksheet!A:A,0),MATCH(worksheet!AN11,worksheet!A11:AE11,0)) -> 1.547706 | AO12: =INDEX(A:AE,MATCH(AK12,worksheet!A:A,0),MATCH(worksheet!AO11,worksheet!A11:AE11,0)) -> 1.000234 | AP12: =INDEX(A:AE,MATCH(AK12,worksheet!A:A,0),MATCH(worksheet!AP11,worksheet!A11:AE11,0)) -> 0.99966
A13: 44533 | B13: 4514.356 | C13: 4647.2891 | D13: 4100.1455 | E13: 4220.7061 | F13: 4220.7061 | G13: 25879591528 | H13: 56509.164 | I13: 57482.168 | J13: 52496.586 | K13: 53598.246 | L13: 53598.246 | M13: 39789134215 | N13: 0.999993 | O13: 1.001993 | P13: 0.998441 | Q13: 1.000617 | R13: 1.000617 | S13: 92639344690 | T13: 0.999032 | U13: 1.001972 | V13: 0.998055 | W13: 1.000327 | X13: 1.000327 | Y13: 5879299772 | Z13: 1.720719 | AA13: 1.728509 | AB13: 1.532564 | AC13: 1.556555 | AD13: 1.556555 | AE13: 2675040145 | AK13: 44533 | AL13: =INDEX($A:$AE,MATCH(AK13,$A:$A,0),MATCH($AL12,$A12:$AE12,0)) -> 4514.356 | AM13: =INDEX(A:AE,MATCH(AK13,worksheet!A:A,0),MATCH(worksheet!AM12,worksheet!A12:AE12,0)) -> 56509.164 | AN13: =INDEX(A:AE,MATCH(AK13,worksheet!A:A,0),MATCH(worksheet!AN12,worksheet!A12:AE12,0)) -> 1.720719 | AO13: =INDEX(A:AE,MATCH(AK13,worksheet!A:A,0),MATCH(worksheet!AO12,worksheet!A12:AE12,0)) -> 0.999993 | AP13: =INDEX(A:AE,MATCH(AK13,worksheet!A:A,0),MATCH(worksheet!AP12,worksheet!A12:AE12,0)) -> 0.999032
A14: 44534 | B14: 4227.7622 | C14: 4242.7256 | D14: 3525.4941 | E14: 4119.5874 | F14: 4119.5874 | G14: 38478999182 | H14: 53727.879 | I14: 53904.68 | J14: 42874.617 | K14: 49200.703 | L14: 49200.703 | M14: 61385677469 | N14: 1.000505 | O14: 1.001997 | P14: 0.998766 | Q14: 1.000007 | R14: 1.000007 | S14: 138598008408 | T14: 1.000317 | U14: 1.001961 | V14: 0.998009 | W14: 0.999994 | X14: 0.999994 | Y14: 9498203241 | Z14: 1.558386 | AA14: 1.558615 | AB14: 1.205124 | AC14: 1.420706 | AD14: 1.420706 | AE14: 4076290725 | AK14: 44534 | AL14: =INDEX($A:$AE,MATCH(AK14,$A:$A,0),MATCH($AL13,$A13:$AE13,0)) -> 4227.7622 | AM14: =INDEX(A:AE,MATCH(AK14,worksheet!A:A,0),MATCH(worksheet!AM13,worksheet!A13:AE13,0)) -> 53727.879 | AN14: =INDEX(A:AE,MATCH(AK14,worksheet!A:A,0),MATCH(worksheet!AN13,worksheet!A13:AE13,0)) -> 1.558386 | AO14: =INDEX(A:AE,MATCH(AK14,worksheet!A:A,0),MATCH(worksheet!AO13,worksheet!A13:AE13,0)) -> 1.000505 | AP14: =INDEX(A:AE,MATCH(AK14,worksheet!A:A,0),MATCH(worksheet!AP13,worksheet!A13:AE13,0)) -> 1.000317
A15: 44535 | B15: 4119.6289 | C15: 4246.9233 | D15: 4040.2175 | E15: 4198.3228 | F15: 4198.3228 | G15: 25533062707 | H15: 49201.52 | I15: 49768.148 | J15: 47857.496 | K15: 49368.848 | L15: 49368.848 | M15: 37198201161 | N15: 0.999861 | O15: 1.001997 | P15: 0.998547 | Q15: 1.00063 | R15: 1.00063 | S15: 82054153191 | T15: 1.000198 | U15: 1.001998 | V15: 0.998007 | W15: 0.998715 | X15: 0.998715 | Y15: 5815739519 | Z15: 1.420609 | AA15: 1.436573 | AB15: 1.290549 | AC15: 1.378105 | AD15: 1.378105 | AE15: 3034823821 | AK15: 44535 | AL15: =INDEX($A:$AE,MATCH(AK15,$A:$A,0),MATCH($AL14,$A14:$AE14,0)) -> 4119.6289 | AM15: =INDEX(A:AE,MATCH(AK15,worksheet!A:A,0),MATCH(worksheet!AM14,worksheet!A14:AE14,0)) -> 49201.52 | AN15: =INDEX(A:AE,MATCH(AK15,worksheet!A:A,0),MATCH(worksheet!AN14,worksheet!A14:AE14,0)) -> 1.420609 | AO15: =INDEX(A:AE,MATCH(AK15,worksheet!A:A,0),MATCH(worksheet!AO14,worksheet!A14:AE14,0)) -> 0.999861 | AP15: =INDEX(A:AE,MATCH(AK15,worksheet!A:A,0),MATCH(worksheet!AP14,worksheet!A14:AE14,0)) -> 1.000198
... A367: 44887 | B367: 1105.5259 | C367: 1112.2784 | D367: 1081.2996 | E367: 1094.0198 | F367: 1094.0198 | G367: 13412810752 | H367: 15778.549 | I367: 15914.864 | J367: 15656.606 | K367: 15724.897 | L367: 15724.897 | M367: 32479893504 | N367: 0.999081 | O367: 0.999309 | P367: 0.998874 | Q367: 0.999157 | R367: 0.999157 | S367: 44056204568 | T367: 1.000252 | U367: 1.000722 | V367: 0.999969 | W367: 1.000419 | X367: 1.000419 | Y367: 4058680571 | Z367: 0.304524 | AA367: 0.315869 | AB367: 0.299104 | AC367: 0.311922 | AD367: 0.311922 | AE367: 303965817 | AK367: 44887 | AL367: =INDEX($A:$AE,MATCH(AK367,$A:$A,0),MATCH($AL366,$A366:$AE366,0)) -> 1105.5259 | AM367: =INDEX(A:AE,MATCH(AK367,worksheet!A:A,0),MATCH(worksheet!AM366,worksheet!A366:AE366,0)) -> 15778.549 | AN367: =INDEX(A:AE,MATCH(AK367,worksheet!A:A,0),MATCH(worksheet!AN366,worksheet!A366:AE366,0)) -> 0.304524 | AO367: =INDEX(A:AE,MATCH(AK367,worksheet!A:A,0),MATCH(worksheet!AO366,worksheet!A366:AE366,0)) -> 0.999081 | AP367: =INDEX(A:AE,MATCH(AK367,worksheet!A:A,0),MATCH(worksheet!AP366,worksheet!A366:AE366,0)) -> 0.999081

Sheet dashboard
B1: CRYPTO CURRENCY DASHBOARD
B5: crypto dropdown
B6: etherum Open | R6: open | S6: =INDEX(worksheet!$A:$AE,MATCH($B7,worksheet!$A:$A,0),MATCH(dashboard!$B8&""&dashboard!R6,worksheet!$A1:$AE1,0)) -> 4340.0361
B7: 44524 | R7: close | S7: =INDEX(worksheet!A:AE,MATCH(dashboard!B7,worksheet!A:A,0),MATCH(dashboard!B8&""&dashboard!R7,worksheet!A1:AE1,0)) -> 4239.9814
B8: =LEFT(B6,FIND(" ",B6,1)) -> etherum | R8: high | S8: =INDEX(worksheet!A:AE,MATCH(dashboard!B7,worksheet!A:A,0),MATCH(dashboard!B8&""&dashboard!R8,worksheet!A1:AE1,0)) -> 4376.876
R9: low | S9: =INDEX(worksheet!A:AE,MATCH(dashboard!B7,worksheet!A:A,0),MATCH(dashboard!B8&""&dashboard!R9,worksheet!A1:AE1,0)) -> 4176.1836
R10: 52 weeks high | S10: =MAX(INDEX(worksheet!A:AE,0,MATCH(dashboard!B8&""&dashboard!R8,worksheet!A1:AE1,0))) -> 4780.7324
R11: 52 weeks low | S11: =MIN(INDEX(worksheet!A:AE,0,MATCH(dashboard!B8&""&dashboard!R9,worksheet!A1:AE1,0))) -> 896.10901
B12: all crypto dropdown
B13: bitcoin Open
B14: Cardona Open | R14: legend
B15: Tether Open
B16: Usd coin Open | S16: heading
S17: dropdown
S18: formula
